{
    "n_estimators": 100,
    "max_depth": null,
    "random_state": 42,
    "feature_importances_": [
        0.022419404596539436,
        0.1189519080105069,
        0.03338873060062175,
        0.03709569358350309,
        0.015534820452617734,
        0.02956766579863622,
        0.031234340674749665,
        0.030484722160969088,
        0.030397050408011304,
        0.5726012325709476,
        0.0016775118997213081,
        0.0022153512861170415,
        0.0018106976690960672,
        0.002409298790402568,
        0.0015051673394645,
        0.0017767227288018222,
        0.0014857958710362861,
        0.0013866068893135862,
        0.0016966747797603672,
        0.00137568745475607,
        0.0009480474332007482,
        0.0004590362531810607,
        0.0011031338846916212,
        0.0007700519778999907,
        0.0008678701681180412,
        0.0008393957191854362,
        0.001160372106804587,
        0.0007620144950082785,
        0.0010070524412070915,
        0.001871092721192431,
        0.0012258928088293435,
        0.0006654444355301654,
        0.0009201517244398442,
        0.0009557352058709195,
        0.0007335024545396435,
        0.0008878809580325583,
        0.0007692863935286549,
        0.0006430276717408643,
        0.0009399785364737122,
        0.0006772106482498358,
        0.0015576709639495707,
        0.0007042412254267537,
        0.0018304550197357303,
        0.0010911395117856226,
        0.0010880692494290116,
        0.0013309285472505317,
        0.000787674892339386,
        0.0009097219174598971,
        0.0007952543048686371,
        0.0011336117403364997,
        0.0007019981264443918,
        0.0008582781470474171,
        0.001956465619605192,
        0.0018251404538257578,
        0.0022660566718766,
        0.0021568482964885805,
        0.002414008585398525,
        0.002233521028567993,
        0.002050133645889146,
        0.002202914904051632,
        0.002205172978873636,
        0.002581548963227837,
        0.0025747957750119634,
        0.002800870289303468,
        0.0027222175385088043
    ]
}